FMCG,Quarter,Net Profit/(Loss) For the Period,Total Income From Operations,P/L Before Tax,Net Sales/Income from operations,Equity Share Capital,Non Current Asset,Current Asset,Total Asset,"P/L Before Int., Excpt. Items & Tax",Fixed Assets,Total Current Assets,Total Current Liabilities,Interest,EPS,NASDAQ INDEX,NSE FMCG Index,Crude Oil in USD,RBI Repo Rate
ASIANPAINT,2014q1,307.47,2843.01,452.05,2807.66,95.92,2607.02,3041.26,5648.28,458.44,2154.44,3041.26,2358.66,6.39,3.21,4203.66,17264.05,93.17,0.08
ASIANPAINT,2014q2,267.07,2724.04,390.39,2686.6,95.92,2699.3,3982.41,6681.71,409.13,2050.15,3982.41,2783.84,8.78,2.78,4255.12,17612.95,93.17,0.08
ASIANPAINT,2014q3,308.84,2740.73,454.36,2706.86,95.92,2699.3,3982.41,6681.71,483.78,2050.15,3982.41,2783.84,4.26,3.22,4481.14,19321.13333,93.17,0.08
ASIANPAINT,2014q4,325.67,2995.71,468.75,2953.5,95.92,2699.3,3982.41,6681.71,475.19,2050.15,3982.41,2783.84,6.44,3.39,4719.47,19849.18333,93.17,0.08
ASIANPAINT,2015q1,353.07,3025.41,512.82,2979.1,95.92,2699.3,3982.41,6681.71,520.66,2050.15,3982.41,2783.84,7.84,3.68,4833.22,20715.9,48.66,0.0775
ASIANPAINT,2015q2,339.82,2886.97,497.64,2846.2,95.92,3103.93,4169.27,7273.2,494.61,2105.03,4169.27,2757.82,8.6,3.54,4999.44,19924.58333,48.66,0.075
ASIANPAINT,2015q3,427.54,3093.2,616.49,3051.38,95.92,3103.93,4169.27,7273.2,619.28,2105.03,4169.27,2757.82,2.79,4.46,4841.65,20329.53333,48.66,0.0725
ASIANPAINT,2015q4,370.75,3224.15,541.31,3179.59,95.92,3103.93,4169.27,7273.2,545.83,2105.03,4169.27,2757.82,4.52,3.87,5056.61,20196.5,48.66,0.0675
ASIANPAINT,2016q1,423.57,3218.51,638.51,3165.63,95.92,3103.93,4169.27,7273.2,709.6,2105.03,4169.27,2757.82,5.79,4.42,4680.58,19076.13333,43.29,0.065
ASIANPAINT,2016q2,400.95,3034.56,606.79,3034.56,95.92,3866.59,4497.56,8364.15,617.14,2717.93,4497.56,3065.84,10.3,4.18,4855.36,20622.6,43.29,0.0625
ASIANPAINT,2016q3,501.18,2983.74,730.7,2937.16,95.92,3866.59,4497.56,8364.15,734.88,2717.93,4497.56,3065.84,4.18,5.23,5229.12,22126.73333,43.29,0.065
ASIANPAINT,2016q4,435.27,3102.01,638.55,3054.14,95.92,3866.59,4497.56,8364.15,642.95,2717.93,4497.56,3065.84,4.4,4.54,5298.65,20907.98333,43.29,0.0625
ASIANPAINT,2017q1,425.83,3241.08,644.15,3190.28,95.92,3866.59,4497.56,8364.15,648.74,2717.93,4497.56,3065.84,4.59,4.44,5783.99,22571.05,50.8,0.06
ASIANPAINT,2017q2,440.82,3320.28,644.65,3320.28,95.92,4927.83,5430.2,10358.03,650.34,2824.44,5430.2,2875.93,5.69,4.6,6128.85,25423.08333,50.8,0.06
ASIANPAINT,2017q3,400.95,3202.88,603.18,3202.88,95.92,4927.83,5430.2,10358.03,607.47,2824.44,5430.2,2875.93,4.29,4.18,6424.25,25353.35,50.8,0.06
ASIANPAINT,2017q4,473.45,3602.2,701.81,3602.2,95.92,4927.83,5430.2,10358.03,706.78,2824.44,5430.2,2875.93,4.97,4.94,6835.01,26119.75,50.8,0.06
ASIANPAINT,2018q1,528.97,3587.43,803.12,3587.43,95.92,4927.83,5430.2,10358.03,808.32,2824.44,5430.2,2875.93,5.2,5.51,7249.31,26589.46667,65.23,0.06
ASIANPAINT,2018q2,491.57,3775.35,757.85,3775.35,95.92,6086.84,5501.09,11587.93,764.45,3960.37,5501.09,3398.96,6.6,5.12,7339.56,28851.01667,65.23,0.06
ASIANPAINT,2018q3,542.63,3706.24,809.97,3706.24,95.92,6086.84,5501.09,11587.93,814.73,3960.37,5501.09,3398.96,4.76,5.66,7942.56,31225.5,65.23,0.0625
ASIANPAINT,2018q4,481.49,3914.17,709.56,3914.17,95.92,6086.84,5501.09,11587.93,716.19,3960.37,5501.09,3398.96,6.63,5.02,7090.57,29730,65.23,0.065
HINDUNILVR,2014q1,1062.31,7223.35,1309.81,7037.78,216.26,3942.48,7569.99,11512.47,1305.04,2508.54,7569.99,7655.86,18.2,4.91,4203.66,17264.05,93.17,0.08
HINDUNILVR,2014q2,872.13,7094.1,1223.11,6682.23,216.27,4145.93,8852.47,12998.4,1162.41,2741.84,8852.47,8603.84,5.33,4.03,4255.12,17612.95,93.17,0.08
HINDUNILVR,2014q3,1056.85,7716.34,1485.32,7278.23,216.31,4145.93,8852.47,12998.4,1451.93,2741.84,8852.47,8603.84,6.25,4.89,4481.14,19321.13333,93.17,0.08
HINDUNILVR,2014q4,988.16,7639.33,1405.8,7465.54,216.32,4145.93,8852.47,12998.4,1363.45,2741.84,8852.47,8603.84,6.33,4.57,4719.47,19849.18333,93.17,0.08
HINDUNILVR,2015q1,1252.17,7774.32,1770.83,7579.18,216.32,4145.93,8852.47,12998.4,1378.49,2741.84,8852.47,8603.84,4.24,5.79,4833.22,20715.9,48.66,0.0775
HINDUNILVR,2015q2,1018.08,7675.63,1525.47,7555,216.35,4370.51,9263.55,13634.06,1346.07,2936.54,9263.55,8782.82,0,4.71,4999.44,19924.58333,48.66,0.075
HINDUNILVR,2015q3,1069.16,7844.47,1565.13,7712.71,216.38,4370.51,9263.55,13634.06,1560.04,2936.54,9263.55,8782.82,4.67,4.94,4841.65,20329.53333,48.66,0.0725
HINDUNILVR,2015q4,982.17,7731.39,1438.19,7595.64,216.39,4370.51,9263.55,13634.06,1454.86,2936.54,9263.55,8782.82,4.53,4.45,5056.61,20196.5,48.66,0.0675
HINDUNILVR,2016q1,971.66,7763.95,1408.99,7605.82,216.39,4370.51,9263.55,13634.06,1493.09,2936.54,9263.55,8782.82,4.49,4.49,4680.58,19076.13333,43.29,0.065
HINDUNILVR,2016q2,1114,7721,1534,7585,216.39,4368,9530,13898,1485,3300,9530,6652,2,5.15,4855.36,20622.6,43.29,0.0625
HINDUNILVR,2016q3,1174,8127,1715,7987,216,4368,9530,13898,1650,3300,9530,6652,6,5.42,5229.12,22126.73333,43.29,0.065
HINDUNILVR,2016q4,1095.6,7842.69,1576.25,7697.55,216.43,4368,9530,13898,1562.95,3300,9530,6652,4.94,5.06,5298.65,20907.98333,43.29,0.0625
HINDUNILVR,2017q1,1037.93,7705.98,1486.17,7512.52,216.43,4368,9530,13898,1337.68,3300,9530,6652,4.56,4.8,5783.99,22571.05,50.8,0.06
HINDUNILVR,2017q2,1183,8213,1619,8100,216.43,5386,9365,14751,1626,4227,9365,7202,6,5.47,6128.85,25423.08333,50.8,0.06
HINDUNILVR,2017q3,1283,8529,1846,8401,216,5386,9365,14751,1865,4227,9365,7202,6,5.93,6424.25,25353.35,50.8,0.06
HINDUNILVR,2017q4,1276,8309,1801,8199,216,5386,9365,14751,1771,4227,9365,7202,6,5.9,6835.01,26119.75,50.8,0.06
HINDUNILVR,2018q1,1326,8590,1685,8323,216,5386,9365,14751,1711,4227,9365,7202,5,6.13,7249.31,26589.46667,65.23,0.06
HINDUNILVR,2018q2,1351,9097,1952,9003,216,6010,11139,17149,2020,4572,11139,8636,4,6.24,7339.56,28851.01667,65.23,0.06
HINDUNILVR,2018q3,1529,9487,2193,9356,216,6010,11139,17149,2259,4572,11139,8636,7,7.06,7942.56,31225.5,65.23,0.0625
HINDUNILVR,2018q4,1525,9234,2152,9138,216,6010,11139,17149,2194,4572,11139,8636,7,7.04,7090.57,29730,65.23,0.065
ITC,2014q1,2385.34,8726.85,3440.3,8623.11,793.55,16425.96,17591.47,34017.43,3449.44,12697.13,17591.47,10330.73,9.14,3.01,4203.66,17264.05,93.17,0.08
ITC,2014q2,2278.01,9238.52,3222.74,9145.14,795.32,18300.66,20928.73,39229.39,3232.27,14308.47,20928.73,11504.32,9.53,2.87,4255.12,17612.95,93.17,0.08
ITC,2014q3,2186.39,9248.29,3265.67,9164.42,795.5,18300.66,20928.73,39229.39,3280.82,14308.47,20928.73,11504.32,15.15,2.75,4481.14,19321.13333,93.17,0.08
ITC,2014q4,2425.16,9023.74,3583.26,8930.32,797.43,18300.66,20928.73,39229.39,3601.65,14308.47,20928.73,11504.32,18.39,3.04,4719.47,19849.18333,93.17,0.08
ITC,2015q1,2635,8942.59,3800.19,8800.22,799.54,18300.66,20928.73,39229.39,3808.56,14308.47,20928.73,11504.32,8.37,3.3,4833.22,20715.9,48.66,0.0775
ITC,2015q2,2361.18,9292.78,3348.4,9188.25,801.55,20240.63,23955.03,44195.66,3363.91,16292.63,23955.03,11681.91,15.51,2.95,4999.44,19924.58333,48.66,0.075
ITC,2015q3,2166.09,9160.02,3340.65,9077.85,801.55,20240.63,23955.03,44195.66,3351.11,16292.63,23955.03,11681.91,10.46,1.8,4841.65,20329.53333,48.66,0.0725
ITC,2015q4,2262.5,8798.89,3506.78,8699.36,802.65,20240.63,23955.03,44195.66,3517.09,16292.63,23955.03,11681.91,10.31,1.88,5056.61,20196.5,48.66,0.0675
ITC,2016q1,2503.76,8867.06,3845.63,8792.99,803.67,20240.63,23955.03,44195.66,3861.72,16292.63,23955.03,11681.91,16.09,2.08,4680.58,19076.13333,43.29,0.065
ITC,2016q2,2380.68,9756.7,3717.53,9756.7,804.72,25383.69,24134.74,49518.43,3729.8,16705.36,24134.74,14587.86,12.27,1.97,4855.36,20622.6,43.29,0.0625
ITC,2016q3,2384.67,10054.04,3675.4,9957.66,805.33,25383.69,24134.74,49518.43,3685.5,16705.36,24134.74,14587.86,10.1,1.97,5229.12,22126.73333,43.29,0.065
ITC,2016q4,2500.03,9660.71,3826.22,9535.47,1211.16,25383.69,24134.74,49518.43,3836.94,16705.36,24134.74,14587.86,10.72,2.07,5298.65,20907.98333,43.29,0.0625
ITC,2017q1,2646.73,9248.39,3954.2,9248.39,1212.14,25383.69,24134.74,49518.43,3967.79,16705.36,24134.74,14587.86,13.59,2.18,5783.99,22571.05,50.8,0.06
ITC,2017q2,2669.47,11125.54,4047.14,11125.54,1214.74,29678.56,24537.39,54215.95,4035.68,18417.26,24537.39,6830.07,-11.46,2.2,6128.85,25423.08333,50.8,0.06
ITC,2017q3,2560.5,9954.66,3944.58,9876.45,1215.22,29678.56,24537.39,54215.95,3954.96,18417.26,24537.39,6830.07,10.38,2.11,6424.25,25353.35,50.8,0.06
ITC,2017q4,2639.84,9763.92,3944.29,9676.2,1218.36,29678.56,24537.39,54215.95,3973.3,18417.26,24537.39,6830.07,29.01,2.17,6835.01,26119.75,50.8,0.06
ITC,2018q1,3090.2,9772.02,4629.55,9672.57,1219.05,29678.56,24537.39,54215.95,4240.67,18417.26,24537.39,6830.07,24.02,2.54,7249.31,26589.46667,65.23,0.06
ITC,2018q2,2932.71,10586.73,4333.28,10479.24,1220.43,37878.31,24503,62381.31,4356.52,20591.57,24503,8856.6,23.24,2.41,7339.56,28851.01667,65.23,0.06
ITC,2018q3,2818.68,10707.03,4299.94,10554.66,1220.74,37878.31,24503,62381.31,4307.28,20591.57,24503,8856.6,7.34,2.31,7942.56,31225.5,65.23,0.0625
ITC,2018q4,2954.67,11068.85,4369.12,10891.23,1224.19,37878.31,24503,62381.31,4382.62,20591.57,24503,8856.6,13.5,2.42,7090.57,29730,65.23,0.065
NESTLEIND,2014q1,281.66,2262.97,416.37,2252.3,96.42,4012.55,2301.72,6314.27,416.31,3664.02,2301.72,1347.18,10.11,29.22,4203.66,17264.05,93.17,0.08
NESTLEIND,2014q2,259.16,2321.51,396.54,2313.46,96.42,4012.55,2301.72,6314.27,448.22,3664.02,2301.72,1347.18,10.26,26.88,4255.12,17612.95,93.17,0.08
NESTLEIND,2014q3,287.86,2431.97,426.03,2418.91,96.42,4012.55,2301.72,6314.27,446.18,3664.02,2301.72,1347.18,3.77,29.86,4481.14,19321.13333,93.17,0.08
NESTLEIND,2014q4,311.29,2570.42,462.05,2557.8,96.42,4012.55,2301.72,6314.27,478.48,3664.02,2301.72,1347.18,0.2,32.28,4719.47,19849.18333,93.17,0.08
NESTLEIND,2015q1,326.38,2530.94,489.73,2516.1,96.42,3855.83,1963.67,5819.5,482.73,3421.42,1963.67,1355.45,0,33.85,4833.22,20715.9,48.66,0.0775
NESTLEIND,2015q2,320.28,2516.48,486.56,2506.79,96.42,3855.83,1963.67,5819.5,489.97,3421.42,1963.67,1355.45,3.41,33.22,4999.44,19924.58333,48.66,0.075
NESTLEIND,2015q3,-64.4,1957.01,-118.56,1933.84,96.42,3855.83,1963.67,5819.5,352.76,3421.42,1963.67,1355.45,0.06,-6.68,4841.65,20329.53333,48.66,0.0725
NESTLEIND,2015q4,124.2,1742.36,179.54,1736.2,96.42,3855.83,1963.67,5819.5,224.6,3421.42,1963.67,1355.45,0.02,12.88,5056.61,20196.5,48.66,0.0675
NESTLEIND,2016q1,183.19,1959.46,266.09,1946.44,96.42,3600.85,2479.61,6080.46,325.28,3128.64,2479.61,1475.73,-0.2,19,4680.58,19076.13333,43.29,0.065
NESTLEIND,2016q2,287.32,2283.72,453.12,2276.99,96.42,3600.85,2479.61,6080.46,458.86,3128.64,2479.61,1475.73,25.92,29.8,4855.36,20622.6,43.29,0.0625
NESTLEIND,2016q3,230.84,2271.69,344.47,2256.09,96.42,3600.85,2479.61,6080.46,416.14,3128.64,2479.61,1475.73,0.06,23.94,5229.12,22126.73333,43.29,0.065
NESTLEIND,2016q4,269.39,2363.49,396.67,2346.18,96.42,3600.85,2479.61,6080.46,424.31,3128.64,2479.61,1475.73,0.06,27.94,5298.65,20907.98333,43.29,0.0625
NESTLEIND,2017q1,167.31,2286.16,280.01,2261.28,96.42,3526.98,3278.99,6805.97,399.54,2917.63,3278.99,1632.7,-0.45,17.36,5783.99,22571.05,50.8,0.06
NESTLEIND,2017q2,306.76,2491.88,449.53,2475.68,96.42,3526.98,3278.99,6805.97,430.73,2917.63,3278.99,1632.7,-18.8,31.82,6128.85,25423.08333,50.8,0.06
NESTLEIND,2017q3,263.43,2402.21,394.57,2386.54,96.42,3526.98,3278.99,6805.97,376.23,2917.63,3278.99,1632.7,-18.34,27.32,6424.25,25353.35,50.8,0.06
NESTLEIND,2017q4,343.17,2514.05,517.79,2500.67,96.42,3526.98,3278.99,6805.97,497.61,2917.63,3278.99,1632.7,-20.18,35.59,6835.01,26119.75,50.8,0.06
NESTLEIND,2018q1,311.83,2601.46,477.41,2589.64,96.42,3425.2,3937.39,7362.59,500.8,2710.34,3937.39,1492.71,23.39,32.34,7249.31,26589.46667,65.23,0.06
NESTLEIND,2018q2,424.03,2757.24,639.68,2736.84,96.42,3425.2,3937.39,7362.59,670.75,2710.34,3937.39,1492.71,31.07,43.98,7339.56,28851.01667,65.23,0.06
NESTLEIND,2018q3,395.03,2698.4,595.31,2678.57,96.42,3425.2,3937.39,7362.59,623.56,2710.34,3937.39,1492.71,28.25,40.97,7942.56,31225.5,65.23,0.0625
NESTLEIND,2018q4,446.11,2939.36,671.76,2921.99,96.42,3425.2,3937.39,7362.59,699.22,2710.34,3937.39,1492.71,27.46,46.27,7090.57,29730,65.23,0.065
DABUR,2014q1,182.57,1342.14,233.46,1339.07,174.38,1090.5,1737.39,2827.89,237.6,633.65,1737.39,1158.44,4.14,1.05,4203.66,17264.05,93.17,0.08
DABUR,2014q2,187.9,1250.23,240.5,1247.2,174.38,1151.95,1969.85,3121.8,247.22,670.38,1969.85,1136.68,6.72,1.08,4255.12,17612.95,93.17,0.08
DABUR,2014q3,144.12,1245.99,185.37,1243.03,175.62,1151.95,1969.85,3121.8,188.69,670.38,1969.85,1136.68,3.32,0.82,4481.14,19321.13333,93.17,0.08
DABUR,2014q4,188.65,1293,241.72,1289.68,175.64,1151.95,1969.85,3121.8,243.04,670.38,1969.85,1136.68,1.32,1.07,4719.47,19849.18333,93.17,0.08
DABUR,2015q1,216.87,1501.78,277.42,1498.31,175.65,1151.95,1969.85,3121.8,279.86,670.38,1969.85,1136.68,2.44,1.23,4833.22,20715.9,48.66,0.0775
DABUR,2015q2,212.94,1390.51,272.02,1387.9,175.65,2116.04,1572.32,3688.36,298.79,694.74,1572.32,1259.03,2.81,1.21,4999.44,19924.58333,48.66,0.075
DABUR,2015q3,173.72,1278.32,225.36,1275.46,175.68,2116.04,1572.32,3688.36,228.98,694.74,1572.32,1259.03,3.62,0.99,4841.65,20329.53333,48.66,0.0725
DABUR,2015q4,228.21,1320.48,294.84,1318.37,175.91,2116.04,1572.32,3688.36,296.55,694.74,1572.32,1259.03,1.71,1.3,5056.61,20196.5,48.66,0.0675
DABUR,2016q1,248.19,1372.85,319.96,1369.96,175.91,2116.04,1572.32,3688.36,321.88,694.74,1572.32,1259.03,1.92,1.41,4680.58,19076.13333,43.29,0.065
DABUR,2016q2,287.14,1432.97,369.19,1432.97,175.91,2502.56,1952.45,4455.01,372.2,715.49,1952.45,1473.73,3.01,1.63,4855.36,20622.6,43.29,0.0625
DABUR,2016q3,198.37,1278.86,257.91,1276.11,176.15,2502.56,1952.45,4455.01,260.32,715.49,1952.45,1473.73,2.41,1.13,5229.12,22126.73333,43.29,0.065
DABUR,2016q4,268.72,1351.58,347.35,1348.1,176.15,2502.56,1952.45,4455.01,352.3,715.49,1952.45,1473.73,4.95,1.53,5298.65,20907.98333,43.29,0.0625
DABUR,2017q1,229.01,1283.96,296.86,1281.21,176.15,2502.56,1952.45,4455.01,300.78,715.49,1952.45,1473.73,3.92,1.3,5783.99,22571.05,50.8,0.06
DABUR,2017q2,302.23,1434.8,392.23,1434.8,176.15,3431.41,1785.61,5217.02,397.18,1021.58,1785.61,1208.99,4.95,1.72,6128.85,25423.08333,50.8,0.06
DABUR,2017q3,169.59,1233.74,220.37,1233.74,176.15,3431.41,1785.61,5217.02,240.68,1021.58,1785.61,1208.99,5.77,0.96,6424.25,25353.35,50.8,0.06
DABUR,2017q4,283.41,1416.39,364.53,1416.39,176.15,3431.41,1785.61,5217.02,369.51,1021.58,1785.61,1208.99,4.98,1.61,6835.01,26119.75,50.8,0.06
DABUR,2018q1,265.47,1449.31,339.09,1449.31,176.15,3431.41,1785.61,5217.02,344.31,1021.58,1785.61,1208.99,5.22,1.51,7249.31,26589.46667,65.23,0.06
DABUR,2018q2,353.58,1509.62,449.14,1509.62,176.15,3853.86,1958.84,5812.7,455.06,1057.3,1958.84,1234.48,5.92,2.01,7339.56,28851.01667,65.23,0.06
DABUR,2018q3,230.56,1473.1,293.2,1473.1,176.63,3853.86,1958.84,5812.7,299.05,1057.3,1958.84,1234.48,5.85,1.31,7942.56,31225.5,65.23,0.0625
DABUR,2018q4,307.26,1537.2,392.93,1537.2,176.63,3853.86,1958.84,5812.7,401.02,1057.3,1958.84,1234.48,8.09,1.74,7090.57,29730,65.23,0.065
BRITANNIA,2014q1,96.33,1628.03,137.68,1614.43,23.99,967.65,715.38,1683.03,138.25,580.12,715.38,867.74,0.57,8.04,4203.66,17264.05,93.17,0.08
BRITANNIA,2014q2,91.53,1653.05,139.28,1619.77,23.99,984.38,860.06,1844.44,159.66,642.88,860.06,958.43,0.38,7.63,4255.12,17612.95,93.17,0.08
BRITANNIA,2014q3,107.81,1634.23,152.52,1618.37,23.99,984.38,860.06,1844.44,152.8,642.88,860.06,958.43,0.28,8.99,4481.14,19321.13333,93.17,0.08
BRITANNIA,2014q4,253.04,1817.41,349.44,1801.23,23.99,984.38,860.06,1844.44,189.87,642.88,860.06,958.43,0.35,21.1,4719.47,19849.18333,93.17,0.08
BRITANNIA,2015q1,120.52,1852.33,176.8,1834.31,23.99,984.38,860.06,1844.44,189.24,642.88,860.06,958.43,0.32,10.05,4833.22,20715.9,48.66,0.0775
BRITANNIA,2015q2,141.04,1872.02,203.85,1846.55,23.99,1032.69,1429.3,2461.99,208.11,574.17,1429.3,1202.45,0.26,11.76,4999.44,19924.58333,48.66,0.075
BRITANNIA,2015q3,170.74,1799.82,260.93,1781.39,23.99,1032.69,1429.3,2461.99,261.23,574.17,1429.3,1202.45,0.3,14.23,4841.65,20329.53333,48.66,0.0725
BRITANNIA,2015q4,205.54,1980.86,312.87,1962.83,23.99,1032.69,1429.3,2461.99,313.17,574.17,1429.3,1202.45,0.3,17.13,5056.61,20196.5,48.66,0.0675
BRITANNIA,2016q1,196.72,1986.81,299.54,1968.59,23.99,1032.69,1429.3,2461.99,299.88,574.17,1429.3,1202.45,0.34,16.4,4680.58,19076.13333,43.29,0.065
BRITANNIA,2016q2,191.86,1960.39,277.33,1935.67,23.99,1649.87,1417.39,3067.26,277.64,713.89,1417.39,1342.7,0.31,15.99,4855.36,20622.6,43.29,0.0625
BRITANNIA,2016q3,210.39,1984.91,314.08,1949.36,23.99,1649.87,1417.39,3067.26,314.37,713.89,1417.39,1342.7,0.29,17.53,5229.12,22126.73333,43.29,0.065
BRITANNIA,2016q4,227.57,2222.39,339.76,2200.87,23.99,1649.87,1417.39,3067.26,340.1,713.89,1417.39,1342.7,0.34,18.97,5298.65,20907.98333,43.29,0.0625
BRITANNIA,2017q1,210.76,2115.96,307.57,2092.57,23.99,1649.87,1417.39,3067.26,307.93,713.89,1417.39,1342.7,0.36,17.56,5783.99,22571.05,50.8,0.06
BRITANNIA,2017q2,196.73,2089.34,291.51,2067.01,23.99,1691.26,2004.88,3696.14,291.86,869.09,2004.88,1089.42,0.35,16.39,6128.85,25423.08333,50.8,0.06
BRITANNIA,2017q3,208.69,2119.3,318.69,2077.15,23.99,1691.26,2004.88,3696.14,319.01,869.09,2004.88,1089.42,0.32,17.39,6424.25,25353.35,50.8,0.06
BRITANNIA,2017q4,245.34,2385.38,373.75,2373.42,23.99,1691.26,2004.88,3696.14,374.19,869.09,2004.88,1089.42,0.44,20.43,6835.01,26119.75,50.8,0.06
BRITANNIA,2018q1,249.17,2411,379.49,2398.32,23.99,1691.26,2004.88,3696.14,379.87,869.09,2004.88,1089.42,0.38,20.75,7249.31,26589.46667,65.23,0.06
BRITANNIA,2018q2,244.69,2388.38,373.26,2357.04,23.99,1859.78,2767.52,4627.3,373.57,1231.55,2767.52,1366.03,0.31,20.38,7339.56,28851.01667,65.23,0.06
BRITANNIA,2018q3,246.24,2406.69,375.42,2386.89,23.99,1859.78,2767.52,4627.3,375.89,1231.55,2767.52,1366.03,0.47,20.51,7942.56,31225.5,65.23,0.0625
BRITANNIA,2018q4,283.57,2704.62,432.34,2685.94,23.99,1859.78,2767.52,4627.3,432.7,1231.55,2767.52,1366.03,0.36,23.61,7090.57,29730,65.23,0.065
EMAMILTD,2014q1,141.09,550.02,171.3,550.02,22.7,456.44,695.54,1151.98,172.27,418.6,695.54,318.16,0.97,6.22,4203.66,17264.05,93.17,0.08
EMAMILTD,2014q2,115.19,410.17,111.24,410.17,22.7,429.28,831.18,1260.46,116.79,382.09,831.18,283.67,1.27,5.08,4255.12,17612.95,93.17,0.08
EMAMILTD,2014q3,65.76,442.04,86.55,442.04,22.7,429.28,831.18,1260.46,87.3,382.09,831.18,283.67,0.75,2.9,4481.14,19321.13333,93.17,0.08
EMAMILTD,2014q4,89.12,444.1,112.7,444.1,22.7,429.28,831.18,1260.46,113.97,382.09,831.18,283.67,1.27,3.93,4719.47,19849.18333,93.17,0.08
EMAMILTD,2015q1,162.41,626.76,209.44,626.76,22.7,429.28,831.18,1260.46,211.4,382.09,831.18,283.67,1.96,7.16,4833.22,20715.9,48.66,0.0775
EMAMILTD,2015q2,132.34,495.74,146.29,495.74,22.7,496.89,1058.98,1555.87,147.21,448.92,1058.98,291.68,0.92,5.83,4999.44,19924.58333,48.66,0.075
EMAMILTD,2015q3,85.12,494.32,88.28,493.76,22.7,496.89,1058.98,1555.87,92.61,448.92,1058.98,291.68,4.33,3.75,4841.65,20329.53333,48.66,0.0725
EMAMILTD,2015q4,45.84,480.57,58.36,479.47,22.7,496.89,1058.98,1555.87,77.44,448.92,1058.98,291.68,19.08,2.02,5056.61,20196.5,48.66,0.0675
EMAMILTD,2016q1,131.15,674.56,161.56,673.5,22.7,496.89,1058.98,1555.87,178.66,448.92,1058.98,291.68,17.1,5.78,4680.58,19076.13333,43.29,0.065
EMAMILTD,2016q2,70.04,539.11,79.2,537.32,22.7,2119.39,383.68,2503.07,92.44,2002.18,383.68,809.41,13.24,3.09,4855.36,20622.6,43.29,0.0625
EMAMILTD,2016q3,49.17,593.37,59.23,592.37,22.7,2119.39,383.68,2503.07,71.69,2002.18,383.68,809.41,12.46,2.17,5229.12,22126.73333,43.29,0.065
EMAMILTD,2016q4,88.48,537.37,108.78,536.4,22.7,2119.39,383.68,2503.07,124.7,2002.18,383.68,809.41,15.92,3.9,5298.65,20907.98333,43.29,0.0625
EMAMILTD,2017q1,140.07,682.33,174.18,681.55,22.7,2119.39,383.68,2503.07,186.78,2002.18,383.68,809.41,12.6,6.17,5783.99,22571.05,50.8,0.06
EMAMILTD,2017q2,68.65,527.68,79.72,527.54,22.7,2116.1,324.88,2440.98,96.36,1972.32,324.88,663.85,16.64,3.02,6128.85,25423.08333,50.8,0.06
EMAMILTD,2017q3,6.3,499.1,7.05,499.1,22.7,2116.1,324.88,2440.98,14.75,1972.32,324.88,663.85,7.7,0.28,6424.25,25353.35,50.8,0.06
EMAMILTD,2017q4,103.94,579.01,123.18,579.01,22.7,2116.1,324.88,2440.98,133.32,1972.32,324.88,663.85,10.14,4.58,6835.01,26119.75,50.8,0.06
EMAMILTD,2018q1,149.07,715.59,182.34,715.59,22.7,2116.1,324.88,2440.98,191.27,1972.32,324.88,663.85,8.93,6.57,7249.31,26589.46667,65.23,0.06
EMAMILTD,2018q2,50.21,568.92,76.67,568.92,22.7,2055.93,541.95,2597.88,83.07,1793.37,541.95,556.91,6.4,2.21,7339.56,28851.01667,65.23,0.06
EMAMILTD,2018q3,40.32,574.88,48.12,574.88,45.39,2055.93,541.95,2597.88,52.34,1793.37,541.95,556.91,4.22,0.89,7942.56,31225.5,65.23,0.0625
EMAMILTD,2018q4,78.6,571.92,101.65,571.92,45.39,2055.93,541.95,2597.88,105.54,1793.37,541.95,556.91,3.89,1.73,7090.57,29730,65.23,0.065
MARICO,2014q1,141.79,930.2,177.68,928.23,64.49,1842.24,1326.03,3168.27,183.98,480.57,1326.03,796,6.3,2.2,4203.66,17264.05,93.17,0.08
MARICO,2014q2,177.12,852.17,214.29,850.27,64.49,1851.87,1291.71,3143.58,219.91,496.2,1291.71,905.95,5.62,2.75,4255.12,17612.95,93.17,0.08
MARICO,2014q3,144.39,1352.22,195.86,1348.65,64.49,1851.87,1291.71,3143.58,201.98,496.2,1291.71,905.95,6.12,2.24,4481.14,19321.13333,93.17,0.08
MARICO,2014q4,128.2,1144.17,172.99,1142.54,64.49,1851.87,1291.71,3143.58,176.94,496.2,1291.71,905.95,3.94,1.99,4719.47,19849.18333,93.17,0.08
MARICO,2015q1,131.86,1192.88,175.85,1189.57,64.49,1851.87,1291.71,3143.58,178.91,496.2,1291.71,905.95,3.06,2.04,4833.22,20715.9,48.66,0.0775
MARICO,2015q2,140.72,991.94,186.33,988.81,64.5,1802.35,1428.71,3231.06,190.18,483.63,1428.71,705.48,3.85,2.18,4999.44,19924.58333,48.66,0.075
MARICO,2015q3,182.12,1444.09,254.99,1442.46,64.51,1802.35,1428.71,3231.06,258.16,483.63,1428.71,705.48,3.17,1.41,4841.65,20329.53333,48.66,0.0725
MARICO,2015q4,129.92,1154.19,177.6,1152.41,64.51,1802.35,1428.71,3231.06,179.89,483.63,1428.71,705.48,2.29,1.02,5056.61,20196.5,48.66,0.0675
MARICO,2016q1,234.61,1234.82,299.49,1233.17,129.02,1802.35,1428.71,3231.06,304.43,483.63,1428.71,705.48,4.94,1.82,4680.58,19076.13333,43.29,0.065
MARICO,2016q2,144.64,1034.9,203.7,1030.77,129.02,1811.6,1681.04,3492.64,208.47,490.67,1681.04,883.65,4.77,1.17,4855.36,20622.6,43.29,0.0625
MARICO,2016q3,234.88,1454.39,317.91,1450.11,129.02,1811.6,1681.04,3492.64,321.33,490.67,1681.04,883.65,3.42,1.83,5229.12,22126.73333,43.29,0.065
MARICO,2016q4,179.13,1160.5,239.15,1156.96,129.02,1811.6,1681.04,3492.64,241.31,490.67,1681.04,883.65,2.16,1.39,5298.65,20907.98333,43.29,0.0625
MARICO,2017q1,265.31,1142.98,352.47,1140.48,129.04,1811.6,1681.04,3492.64,355.36,490.67,1681.04,883.65,2.89,2.06,5783.99,22571.05,50.8,0.06
MARICO,2017q2,163.37,1103.46,232.18,1096.79,129.05,1759.79,1990.77,3750.56,236.3,527.29,1990.77,815.94,4.12,1.27,6128.85,25423.08333,50.8,0.06
MARICO,2017q3,198.02,1372.78,255.67,1372.78,129.05,1759.79,1990.77,3750.56,257.66,527.29,1990.77,815.94,1.99,1.54,6424.25,25353.35,50.8,0.06
MARICO,2017q4,160.31,1246.28,209.61,1246.28,129.08,1759.79,1990.77,3750.56,211.48,527.29,1990.77,815.94,1.87,1.25,6835.01,26119.75,50.8,0.06
MARICO,2018q1,240.11,1337.59,306.34,1337.59,129.08,1759.79,1990.77,3750.56,308.2,527.29,1990.77,815.94,1.86,1.86,7249.31,26589.46667,65.23,0.06
MARICO,2018q2,119.78,1213.76,182.1,1213.76,129.09,1685.41,2334.48,4019.89,287.93,533.7,2334.48,951.15,1.83,0.93,7339.56,28851.01667,65.23,0.06
MARICO,2018q3,214.92,1684.61,276.62,1684.61,129.09,1685.41,2334.48,4019.89,279.04,533.7,2334.48,951.15,2.42,1.67,7942.56,31225.5,65.23,0.0625
MARICO,2018q4,225.23,1496.75,286.97,1496.75,129.09,1685.41,2334.48,4019.89,289.25,533.7,2334.48,951.15,2.28,1.75,7090.57,29730,65.23,0.065
WIPRO,2014q1,2047.9,10069.1,2656.3,9989.9,493.1,12321.8,28384.8,40706.6,2748.7,4288.3,28384.8,16124.6,92.4,8.34,4203.66,17264.05,93.17,0.08
WIPRO,2014q2,2353.1,10401.8,2964.2,10338.3,493.2,13132.7,32604.2,45736.9,3058.5,4250.1,32604.2,14915.6,94.3,9.58,4255.12,17612.95,93.17,0.08
WIPRO,2014q3,2067.2,10104.1,2643.4,9963.4,493.4,13132.7,32604.2,45736.9,2725.3,4250.1,32604.2,14915.6,81.9,8.42,4481.14,19321.13333,93.17,0.08
WIPRO,2014q4,1992,10358.2,2590.4,10228.3,493.5,13132.7,32604.2,45736.9,2639.8,4250.1,32604.2,14915.6,49.4,8.11,4719.47,19849.18333,93.17,0.08
WIPRO,2015q1,1992.3,10521.2,2588.6,10400.6,493.7,13132.7,32604.2,45736.9,2733.6,4250.1,32604.2,14915.6,145,8.11,4833.22,20715.9,48.66,0.0775
WIPRO,2015q2,2141.6,10651.5,2734.6,10617.5,493.7,13553,39855.5,53408.5,2821.2,4399.6,39855.5,17365.3,86.6,8.72,4999.44,19924.58333,48.66,0.075
WIPRO,2015q3,2063,10775.4,2641.8,10775.4,493.8,13553,39855.5,53408.5,2772.4,4399.6,39855.5,17365.3,130.6,8.4,4841.65,20329.53333,48.66,0.0725
WIPRO,2015q4,2153.1,11036.9,2766.3,11036.9,494,13553,39855.5,53408.5,2954.5,4399.6,39855.5,17365.3,188.2,8.77,5056.61,20196.5,48.66,0.0675
WIPRO,2016q1,2011.1,11206.9,2594.4,11206.9,494.1,13553,39855.5,53408.5,2724.3,4399.6,39855.5,17365.3,129.9,8.19,4680.58,19076.13333,43.29,0.065
WIPRO,2016q2,1973.3,11661.5,2591.8,11661.5,494.1,13664.6,45260.3,58924.9,2679.2,4392.6,45260.3,15211.9,87.4,8.03,4855.36,20622.6,43.29,0.0625
WIPRO,2016q3,2007.7,11587.5,2595.1,11587.5,494.1,13664.6,45260.3,58924.9,2724.8,4392.6,45260.3,15211.9,129.7,8.17,5229.12,22126.73333,43.29,0.065
WIPRO,2016q4,1932.1,11453.8,2514.7,11453.8,486.1,13664.6,45260.3,58924.9,2610,4392.6,45260.3,15211.9,95.3,7.98,5298.65,20907.98333,43.29,0.0625
WIPRO,2017q1,1918.5,11378.3,2572.2,11378.3,486.1,13664.6,45260.3,58924.9,2714.9,4392.6,45260.3,15211.9,142.7,7.94,5783.99,22571.05,50.8,0.06
WIPRO,2017q2,2303.5,11628.2,3005.1,11220,486.1,14429.8,48727.1,63156.9,3029.5,5056.3,48727.1,13839.9,24.4,9.53,6128.85,25423.08333,50.8,0.06
WIPRO,2017q3,2026.8,11152.8,2607.5,11152.8,973.2,14429.8,48727.1,63156.9,2697.4,5056.3,48727.1,13839.9,89.9,4.18,6424.25,25353.35,50.8,0.06
WIPRO,2017q4,2134.3,11050.5,2760.1,11050.5,973.3,14429.8,48727.1,63156.9,2864.1,5056.3,48727.1,13839.9,104,4.4,6835.01,26119.75,50.8,0.06
WIPRO,2018q1,1804.5,11072.7,2448.4,11072.7,904.7,14429.8,48727.1,63156.9,2495.2,5056.3,48727.1,13839.9,46.8,3.76,7249.31,26589.46667,65.23,0.06
WIPRO,2018q2,1757.2,11434,2218.3,11434,904.8,15704,42967.3,58671.3,2341.8,5657.6,42967.3,15035.9,123.5,3.9,7339.56,28851.01667,65.23,0.06
WIPRO,2018q3,1922.2,11567.5,2422.4,11567.5,904.8,15704,42967.3,58671.3,2539.1,5657.6,42967.3,15035.9,116.7,4.27,7942.56,31225.5,65.23,0.0625
WIPRO,2018q4,1607.4,12002.3,2166.3,12002.3,904.8,15704,42967.3,58671.3,2263.8,5657.6,42967.3,15035.9,97.5,3.57,7090.57,29730,65.23,0.065
GODREJCP,2014q1,215.96,1982.27,180.41,1978.88,34.04,2884.48,1203.9,4088.38,188.53,1266.93,1203.9,1053.15,8.12,4.19,4203.66,17264.05,93.17,0.08
GODREJCP,2014q2,167.03,1048.39,214.88,1032.67,34.04,3437.35,1048.7,4486.05,226.8,1253.08,1048.7,1452.02,11.92,4.91,4255.12,17612.95,93.17,0.08
GODREJCP,2014q3,120.79,991.53,150.67,977.45,34.04,3437.35,1048.7,4486.05,151.84,1253.08,1048.7,1452.02,9.77,3.55,4481.14,19321.13333,93.17,0.08
GODREJCP,2014q4,173.77,1106.01,220.71,1091.21,34.04,3437.35,1048.7,4486.05,230.42,1253.08,1048.7,1452.02,9.71,5.1,4719.47,19849.18333,93.17,0.08
GODREJCP,2015q1,171.83,1106.01,216.29,1167.08,34.04,3437.35,1048.7,4486.05,225.43,1253.08,1048.7,1452.02,9.14,5.05,4833.22,20715.9,48.66,0.0775
GODREJCP,2015q2,188.06,1148.36,239.52,1133.51,34.04,3563.3,1358.78,4922.08,246.98,1239.02,1358.78,1529.91,8.3,5.52,4999.44,19924.58333,48.66,0.075
GODREJCP,2015q3,135.39,1063.39,175.97,1048.45,34.05,3563.3,1358.78,4922.08,192.42,1239.02,1358.78,1529.91,16.45,3.98,4841.65,20329.53333,48.66,0.0725
GODREJCP,2015q4,183.86,1231.55,239.94,1218.09,34.05,3563.3,1358.78,4922.08,256.42,1239.02,1358.78,1529.91,16.48,5.4,5056.61,20196.5,48.66,0.0675
GODREJCP,2016q1,193.91,1199.81,255.42,1182.61,34.05,3563.3,1358.78,4922.08,269.83,1239.02,1358.78,1529.91,14.41,5.69,4680.58,19076.13333,43.29,0.065
GODREJCP,2016q2,209.51,1151.84,276.89,1134.06,34.05,3810.38,1215.97,5026.35,284.22,1242.08,1215.97,1200.25,7.33,6.15,4855.36,20622.6,43.29,0.0625
GODREJCP,2016q3,152.86,1058.16,200.41,1042.43,34.06,3810.38,1215.97,5026.35,207.48,1242.08,1215.97,1200.25,7.07,4.45,5229.12,22126.73333,43.29,0.065
GODREJCP,2016q4,211.95,1240.34,275.41,1225.66,34.06,3810.38,1215.97,5026.35,283.08,1242.08,1215.97,1200.25,7.67,6.22,5298.65,20907.98333,43.29,0.0625
GODREJCP,2017q1,231.4,1195.91,300.41,1179.82,34.06,3810.38,1215.97,5026.35,309.61,1242.08,1215.97,1200.25,9.2,6.79,5783.99,22571.05,50.8,0.06
GODREJCP,2017q2,253.09,1254.94,334.15,1226.14,68.12,4408.9,1753.21,6162.11,346.27,1322.85,1753.21,1495.99,12.12,7.43,6128.85,25423.08333,50.8,0.06
GODREJCP,2017q3,149.56,1102.22,192.72,1091.66,68.13,4408.9,1753.21,6162.11,206.06,1322.85,1753.21,1495.99,13.34,2.19,6424.25,25353.35,50.8,0.06
GODREJCP,2017q4,256.11,1363.78,328.46,1346.72,68.13,4408.9,1753.21,6162.11,341.74,1322.85,1753.21,1495.99,13.28,3.76,6835.01,26119.75,50.8,0.06
GODREJCP,2018q1,299.07,1425.04,385.03,1394.74,68.13,4408.9,1753.21,6162.11,397.65,1322.85,1753.21,1495.99,12.62,4.39,7249.31,26589.46667,65.23,0.06
GODREJCP,2018q2,295.13,1369.76,382.8,1329.3,68.13,4507.51,2116.57,6624.08,395.44,1366.44,2116.57,1684.62,12.64,4.33,7339.56,28851.01667,65.23,0.06
GODREJCP,2018q3,220.45,1309.97,280.14,1278.54,68.13,4507.51,2116.57,6624.08,293.79,1366.44,2116.57,1684.62,13.65,3.24,7942.56,31225.5,65.23,0.0625
GODREJCP,2018q4,295.78,1507.61,380.28,1480.7,102.22,4507.51,2116.57,6624.08,397.76,1366.44,2116.57,1684.62,17.48,2.89,7090.57,29730,65.23,0.065
GODFRYPHLP,2014q1,70.74,640.33,108.35,623.35,10.4,917.88,870.58,1788.46,112.86,714.39,870.58,540.75,4.51,68.02,4203.66,17264.05,93.17,0.08
GODFRYPHLP,2014q2,38.3,623.33,61.45,603.53,10.4,1046.65,861.3,1907.95,65.96,710.47,861.3,610.74,4.51,36.84,4255.12,17612.95,93.17,0.08
GODFRYPHLP,2014q3,80.19,698.84,119.37,683.29,10.4,1046.65,861.3,1907.95,122.06,710.47,861.3,610.74,2.69,77.12,4481.14,19321.13333,93.17,0.08
GODFRYPHLP,2014q4,32.49,569.92,43.94,553.78,10.4,1046.65,861.3,1907.95,50,710.47,861.3,610.74,6.06,31.24,4719.47,19849.18333,93.17,0.08
GODFRYPHLP,2015q1,10.64,537.58,16.04,521,10.4,1046.65,861.3,1907.95,22.68,710.47,861.3,610.74,6.64,2.06,4833.22,20715.9,48.66,0.0775
GODFRYPHLP,2015q2,59.76,784.07,92.05,762.95,10.4,1078.19,965.77,2043.96,95.8,700.91,965.77,672.37,3.75,11.49,4999.44,19924.58333,48.66,0.075
GODFRYPHLP,2015q3,58.88,583.74,83.95,570.97,10.4,1078.19,965.77,2043.96,87.42,700.91,965.77,672.37,3.47,11.32,4841.65,20329.53333,48.66,0.0725
GODFRYPHLP,2015q4,49.72,580.72,71.82,566.41,10.4,1078.19,965.77,2043.96,74.32,700.91,965.77,672.37,2.5,9.57,5056.61,20196.5,48.66,0.0675
GODFRYPHLP,2016q1,13.77,533.91,16.26,521.05,10.4,1078.19,965.77,2043.96,18.9,700.91,965.77,672.37,2.64,2.64,4680.58,19076.13333,43.29,0.065
GODFRYPHLP,2016q2,47.71,696.48,66.04,679.24,10.4,1067.54,912.19,1979.73,67.47,738.51,912.19,493.05,1.43,9.18,4855.36,20622.6,43.29,0.0625
GODFRYPHLP,2016q3,22.38,478.96,28.81,465.59,10.4,1067.54,912.19,1979.73,30.83,738.51,912.19,493.05,2.02,4.3,5229.12,22126.73333,43.29,0.065
GODFRYPHLP,2016q4,-3.14,539.42,-4.91,533.21,10.4,1067.54,912.19,1979.73,-4.5,738.51,912.19,493.05,0.41,-0.6,5298.65,20907.98333,43.29,0.0625
GODFRYPHLP,2017q1,38.44,441.97,55.58,435.12,10.4,1067.54,912.19,1979.73,57.31,738.51,912.19,493.05,1.73,7.4,5783.99,22571.05,50.8,0.06
GODFRYPHLP,2017q2,55.83,769.65,83.59,760.96,10.4,1154.38,925.48,2079.86,83.45,684.85,925.48,430.62,-0.14,10.74,6128.85,25423.08333,50.8,0.06
GODFRYPHLP,2017q3,-3.14,498.15,-4.91,491.94,10.4,1154.38,925.48,2079.86,-4.5,684.85,925.48,430.62,0.41,-0.6,6424.25,25353.35,50.8,0.06
GODFRYPHLP,2017q4,58.8,647.43,83.61,633.68,10.4,1154.38,925.48,2079.86,83.96,684.85,925.48,430.62,0.35,11.31,6835.01,26119.75,50.8,0.06
GODFRYPHLP,2018q1,61.99,581.94,94.73,572.38,10.4,1154.38,925.48,2079.86,75.05,684.85,925.48,430.62,0.32,11.92,7249.31,26589.46667,65.23,0.06
GODFRYPHLP,2018q2,43.11,543.29,60.86,541.88,10.4,1435.6,880.21,2315.81,61.29,641.05,880.21,559.69,0.43,8.29,7339.56,28851.01667,65.23,0.06
GODFRYPHLP,2018q3,56.74,574.85,83.91,569.75,10.4,1435.6,880.21,2315.81,84.12,641.05,880.21,559.69,0.21,10.91,7942.56,31225.5,65.23,0.0625
GODFRYPHLP,2018q4,70.38,629.8,108.49,623.65,10.4,1435.6,880.21,2315.81,108.55,641.05,880.21,559.69,0.06,13.54,7090.57,29730,65.23,0.065
TATACONSUM,2014q1,87.95,718.59,113,703.2,61.84,2440.87,999.34,3440.21,135.68,150.45,999.34,1041.95,15.71,1.42,4203.66,17264.05,93.17,0.08
TATACONSUM,2014q2,101.36,632.75,122.48,605.53,61.84,2734.47,959.57,3694.04,135.58,161.95,959.57,634.44,9.4,1.64,4255.12,17612.95,93.17,0.08
TATACONSUM,2014q3,59.26,726.05,83.01,707.53,61.84,2734.47,959.57,3694.04,88.23,161.95,959.57,634.44,4.27,0.96,4481.14,19321.13333,93.17,0.08
TATACONSUM,2014q4,131.22,712.37,166.56,681.9,61.84,2734.47,959.57,3694.04,173.16,161.95,959.57,634.44,6.25,2.12,4719.47,19849.18333,93.17,0.08
TATACONSUM,2015q1,55.61,781.75,82.82,759.14,61.84,2734.47,959.57,3694.04,96.34,161.95,959.57,634.44,13.52,0.9,4833.22,20715.9,48.66,0.0775
TATACONSUM,2015q2,42.91,671.49,16.66,649.14,63.11,2624.51,1031.17,3655.68,94.43,204.61,1031.17,642.47,10.15,0.68,4999.44,19924.58333,48.66,0.075
TATACONSUM,2015q3,65.44,802.32,100.23,783.82,63.11,2624.51,1031.17,3655.68,112.04,204.61,1031.17,642.47,11.81,1.03,4841.65,20329.53333,48.66,0.0725
TATACONSUM,2015q4,105.64,748.23,129.85,722.55,63.11,2624.51,1031.17,3655.68,145.13,204.61,1031.17,642.47,12.28,1.67,5056.61,20196.5,48.66,0.0675
TATACONSUM,2016q1,49.37,761.1,72.07,744.38,63.11,2624.51,1031.17,3655.68,93.18,204.61,1031.17,642.47,20.14,0.78,4680.58,19076.13333,43.29,0.065
TATACONSUM,2016q2,6.04,676.75,14.73,676.75,63.11,2704.18,1360.74,4064.92,97.46,209.36,1360.74,991.15,23.48,0.1,4855.36,20622.6,43.29,0.0625
TATACONSUM,2016q3,73.26,820.08,111.09,804.1,63.11,2704.18,1360.74,4064.92,123.27,209.36,1360.74,991.15,12.18,1.16,5229.12,22126.73333,43.29,0.065
TATACONSUM,2016q4,86.32,759.12,115.19,736.85,63.11,2704.18,1360.74,4064.92,129.98,209.36,1360.74,991.15,14.79,1.37,5298.65,20907.98333,43.29,0.0625
TATACONSUM,2017q1,72.46,786.43,96.76,769.92,63.11,2704.18,1360.74,4064.92,109.19,209.36,1360.74,991.15,12.43,1.15,5783.99,22571.05,50.8,0.06
TATACONSUM,2017q2,43.96,696.57,63.15,696.57,63.11,3378.79,1036.75,4415.54,72.85,225.98,1036.75,511.08,9.7,0.7,6128.85,25423.08333,50.8,0.06
TATACONSUM,2017q3,152.48,859.44,214.6,859.44,63.11,3378.79,1036.75,4415.54,198.95,225.98,1036.75,511.08,3.12,2.42,6424.25,25353.35,50.8,0.06
TATACONSUM,2017q4,120.25,794.8,164.56,794.8,63.11,3378.79,1036.75,4415.54,168.06,225.98,1036.75,511.08,3.5,1.9,6835.01,26119.75,50.8,0.06
TATACONSUM,2018q1,208.43,848.43,266.35,848.43,63.11,3378.79,1036.75,4415.54,167.78,225.98,1036.75,511.08,3.51,3.3,7249.31,26589.46667,65.23,0.06
TATACONSUM,2018q2,53.16,714.65,77.96,714.65,63.11,2791.74,2100.43,4892.17,86.97,240.12,2100.43,569.17,3.52,0.84,7339.56,28851.01667,65.23,0.06
TATACONSUM,2018q3,147.71,908.6,215.84,908.6,63.11,2791.74,2100.43,4892.17,219.53,240.12,2100.43,569.17,3.69,2.35,7942.56,31225.5,65.23,0.0625
TATACONSUM,2018q4,120.3,847.28,162.02,847.28,63.11,2791.74,2100.43,4892.17,164.71,240.12,2100.43,569.17,2.69,1.9,7090.57,29730,65.23,0.065
JUBLFOOD,2014q1,33.6,456.59,50.19,456.51,65.43,481.28,173.62,`,50.19,391.16,173.62,191.38,0,5.14,4203.66,17264.05,93.17,0.08
JUBLFOOD,2014q2,24.95,433.73,36.77,433.65,65.44,688.27,183.83,872.1,36.77,547.08,183.83,262.62,0,3.81,4255.12,17612.95,93.17,0.08
JUBLFOOD,2014q3,27.73,476.83,38.37,476.74,65.44,688.27,183.83,872.1,38.37,547.08,183.83,262.62,0,4.24,4481.14,19321.13333,93.17,0.08
JUBLFOOD,2014q4,29.01,501.16,39.59,501.08,65.48,688.27,183.83,872.1,39.59,547.08,183.83,262.62,0,4.43,4719.47,19849.18333,93.17,0.08
JUBLFOOD,2015q1,35.01,554.37,48.8,554.27,65.56,688.27,183.83,872.1,48.8,547.08,183.83,262.62,0,5.34,4833.22,20715.9,48.66,0.0775
JUBLFOOD,2015q2,31.53,542.11,45.3,542.01,65.57,917.23,176.8,1094.03,45.3,734.52,176.8,353.93,0,4.81,4999.44,19924.58333,48.66,0.075
JUBLFOOD,2015q3,27.57,570.69,41.06,570.59,65.64,917.23,176.8,1094.03,41.06,734.52,176.8,353.93,0,4.21,4841.65,20329.53333,48.66,0.0725
JUBLFOOD,2015q4,21.88,587.53,32.59,587.29,65.64,917.23,176.8,1094.03,32.59,734.52,176.8,353.93,0,3.33,5056.61,20196.5,48.66,0.0675
JUBLFOOD,2016q1,29.34,633.94,43.71,633.76,65.76,917.23,176.8,1094.03,43.71,734.52,176.8,353.93,0,4.47,4680.58,19076.13333,43.29,0.065
JUBLFOOD,2016q2,27.83,618.05,41.46,618.05,65.8,1041.33,214.22,1255.55,41.46,830.71,214.22,403.19,0,4.24,4855.36,20622.6,43.29,0.0625
JUBLFOOD,2016q3,19,608.92,28.21,608.76,65.84,1041.33,214.22,1255.55,28.21,830.71,214.22,403.19,0,2.89,5229.12,22126.73333,43.29,0.065
JUBLFOOD,2016q4,21.57,665.54,31.95,665.43,65.84,1041.33,214.22,1255.55,31.95,830.71,214.22,403.19,0,3.28,5298.65,20907.98333,43.29,0.0625
JUBLFOOD,2017q1,19.97,658.84,29.48,658.76,65.95,1041.33,214.22,1255.55,29.48,830.71,214.22,403.19,0,3.03,5783.99,22571.05,50.8,0.06
JUBLFOOD,2017q2,6.72,612.78,8.11,612.78,65.95,1098.61,233.47,1332.08,20.28,838.08,233.47,410.22,0,1.02,6128.85,25423.08333,50.8,0.06
JUBLFOOD,2017q3,23.84,678.82,36.36,678.82,65.98,1098.61,233.47,1332.08,36.36,838.08,233.47,410.22,0,3.62,6424.25,25353.35,50.8,0.06
JUBLFOOD,2017q4,48.47,726.64,73.27,726.64,65.98,1098.61,233.47,1332.08,73.27,838.08,233.47,410.22,0,7.4,6835.01,26119.75,50.8,0.06
JUBLFOOD,2018q1,66.02,795.17,100.92,795.17,65.98,1098.61,233.47,1332.08,100.92,838.08,233.47,410.22,0,10.01,7249.31,26589.46667,65.23,0.06
JUBLFOOD,2018q2,68.07,779.82,102.69,779.82,65.98,1066.63,501.31,1567.94,102.69,780.68,501.31,468.55,0,10.32,7339.56,28851.01667,65.23,0.06
JUBLFOOD,2018q3,74.68,855.06,112.64,855.06,131.97,1066.63,501.31,1567.94,112.64,780.68,501.31,468.55,0,5.66,7942.56,31225.5,65.23,0.0625
JUBLFOOD,2018q4,77.67,881.36,119.91,881.36,131.97,1066.63,501.31,1567.94,119.91,780.68,501.31,468.55,0,5.89,7090.57,29730,65.23,0.065
UBL,2014q1,55.51,952.81,83.66,859.11,26.44,1878.41,1860.25,3738.66,101.66,1707.97,1860.25,1406.84,18,2.08,4203.66,17264.05,93.17,0.08
UBL,2014q2,67.71,1078.05,93.44,973.9,26.44,1894.16,2001.64,3895.8,112.1,1689.19,2001.64,1577.36,18.66,2.53,4255.12,17612.95,93.17,0.08
UBL,2014q3,128.84,1444.58,193.58,1278.85,26.44,1894.16,2001.64,3895.8,215.16,1689.19,2001.64,1577.36,21.58,4.85,4481.14,19321.13333,93.17,0.08
UBL,2014q4,42.62,1085.67,64.51,959.86,26.44,1894.16,2001.64,3895.8,82.31,1689.19,2001.64,1577.36,17.8,1.59,4719.47,19849.18333,93.17,0.08
UBL,2015q1,39.94,1000.42,60,895.75,26.44,1894.16,2001.64,3895.8,78.36,1689.19,2001.64,1577.36,18.36,1.48,4833.22,20715.9,48.66,0.0775
UBL,2015q2,48.13,1161.62,59.88,1045.23,26.44,2123.29,1757.34,3880.63,75.13,1901,1757.34,1447.91,15.25,1.79,4999.44,19924.58333,48.66,0.075
UBL,2015q3,122.14,1452.84,186.61,1368.03,26.44,2123.29,1757.34,3880.63,206.79,1901,1757.34,1447.91,20.18,4.62,4841.65,20329.53333,48.66,0.0725
UBL,2015q4,52.11,1072.27,78.87,1020.73,26.44,2123.29,1757.34,3880.63,99.36,1901,1757.34,1447.91,20.49,1.97,5056.61,20196.5,48.66,0.0675
UBL,2016q1,71.25,1096.91,114.02,1035.18,26.44,2123.29,1757.34,3880.63,132.43,1901,1757.34,1447.91,18.41,2.7,4680.58,19076.13333,43.29,0.065
UBL,2016q2,52.37,1212.49,73.93,1212.49,26.44,2119.23,2010.79,4130.02,91.95,1858.2,2010.79,1753.08,18.02,1.98,4855.36,20622.6,43.29,0.0625
UBL,2016q3,147.06,1562.32,226.04,1485.67,26.44,2119.23,2010.79,4130.02,240.86,1858.2,2010.79,1753.08,14.82,5.56,5229.12,22126.73333,43.29,0.065
UBL,2016q4,27.05,1038.55,37.63,990.32,26.44,2119.23,2010.79,4130.02,51.74,1858.2,2010.79,1753.08,14.11,1.02,5298.65,20907.98333,43.29,0.0625
UBL,2017q1,48.49,1025.02,75.88,979.23,26.44,2119.23,2010.79,4130.02,91.16,1858.2,2010.79,1753.08,15.28,1.84,5783.99,22571.05,50.8,0.06
UBL,2017q2,6.73,1112.7,7.62,1112.7,26.44,2112.42,2361.55,4473.97,22.06,1862.73,2361.55,1902.65,14.44,0.25,6128.85,25423.08333,50.8,0.06
UBL,2017q3,161.89,1674.21,245.56,1674.21,26.44,2112.42,2361.55,4473.97,259.76,1862.73,2361.55,1902.65,14.2,6.12,6424.25,25353.35,50.8,0.06
UBL,2017q4,93.84,1276.44,145.35,1276.44,26.44,2112.42,2361.55,4473.97,158.06,1862.73,2361.55,1902.65,12.71,3.55,6835.01,26119.75,50.8,0.06
UBL,2018q1,47.38,1197.1,79.1,1197.1,26.44,2112.42,2361.55,4473.97,88.44,1862.73,2361.55,1902.65,9.34,1.79,7249.31,26589.46667,65.23,0.06
UBL,2018q2,90.88,1469.28,136.82,1469.28,26.44,2082.93,2636.12,4719.05,148.22,1777.32,2636.12,1797.32,11.4,3.44,7339.56,28851.01667,65.23,0.06
UBL,2018q3,221.92,1865.91,342.76,1865.91,26.44,2082.93,2636.12,4719.05,351.98,1777.32,2636.12,1797.32,9.22,8.39,7942.56,31225.5,65.23,0.0625
UBL,2018q4,163.77,1525.95,252.31,1525.95,26.44,2082.93,2636.12,4719.05,256.31,1777.32,2636.12,1797.32,4,6.2,7090.57,29730,65.23,0.065
AVANTIFEED,2014q1,22.44,278.67,33.67,274.43,9.08,86.84,155.13,241.97,34.11,52.43,155.13,106.17,0.45,24.71,4203.66,17264.05,93.17,0.08
AVANTIFEED,2014q2,14.5,277.26,22.34,273.93,9.08,115.07,277.37,392.44,22.93,82.32,277.37,200.71,0.6,15.96,4255.12,17612.95,93.17,0.08
AVANTIFEED,2014q3,25.62,478.1,38.56,472.88,9.08,115.07,277.37,392.44,39.15,82.32,277.37,200.71,0.59,28.21,4481.14,19321.13333,93.17,0.08
AVANTIFEED,2014q4,34.18,531.68,53.87,525.66,9.08,115.07,277.37,392.44,54.29,82.32,277.37,200.71,0.42,37.63,4719.47,19849.18333,93.17,0.08
AVANTIFEED,2015q1,34.5,385.03,51.75,381.75,9.08,115.07,277.37,392.44,52,82.32,277.37,200.71,0.25,37.99,4833.22,20715.9,48.66,0.0775
AVANTIFEED,2015q2,22.27,381.45,35.67,378.41,9.08,124.62,350.7,475.32,36.16,89.57,350.7,198.32,0.49,24.52,4999.44,19924.58333,48.66,0.075
AVANTIFEED,2015q3,45.71,603.4,68.79,597.45,9.08,124.62,350.7,475.32,64.76,89.57,350.7,198.32,0.29,50.33,4841.65,20329.53333,48.66,0.0725
AVANTIFEED,2015q4,43.96,532.95,65.47,526.78,9.08,124.62,350.7,475.32,65.41,89.57,350.7,198.32,0.3,48.4,5056.61,20196.5,48.66,0.0675
AVANTIFEED,2016q1,36.71,413.11,57.52,407.34,9.08,124.62,350.7,475.32,57.25,89.57,350.7,198.32,0.19,8.63,4680.58,19076.13333,43.29,0.065
AVANTIFEED,2016q2,29.57,468.83,43.26,463.73,9.08,236.69,369.39,606.08,51,114.01,369.39,218.49,0.56,6.51,4855.36,20622.6,43.29,0.0625
AVANTIFEED,2016q3,46.56,756.56,70.46,749.43,9.08,236.69,369.39,606.08,79.2,114.01,369.39,218.49,0.12,10.25,5229.12,22126.73333,43.29,0.065
AVANTIFEED,2016q4,29.11,713.06,41.28,703.23,9.08,236.69,369.39,606.08,51.76,114.01,369.39,218.49,0.51,6.41,5298.65,20907.98333,43.29,0.0625
AVANTIFEED,2017q1,38.82,544.84,58.71,537.18,9.08,236.69,369.39,606.08,58.89,114.01,369.39,218.49,0.17,8.55,5783.99,22571.05,50.8,0.06
AVANTIFEED,2017q2,80.84,639.73,123.22,639.73,9.08,250.78,611.07,861.85,124.76,133.72,611.07,272.27,1.53,17.8,6128.85,25423.08333,50.8,0.06
AVANTIFEED,2017q3,142.41,881.78,217.04,881.78,9.08,250.78,611.07,861.85,217.28,133.72,611.07,272.27,0.24,31.33,6424.25,25353.35,50.8,0.06
AVANTIFEED,2017q4,102.97,654.48,157.18,654.48,9.08,250.78,611.07,861.85,157.82,133.72,611.07,272.27,0.64,22.59,6835.01,26119.75,50.8,0.06
AVANTIFEED,2018q1,94.09,551.75,143.16,551.75,9.08,250.78,611.07,861.85,143.49,133.72,611.07,272.27,0.33,20.61,7249.31,26589.46667,65.23,0.06
AVANTIFEED,2018q2,75.46,726.76,111.77,726.76,9.08,296.29,971.93,1268.22,112.59,171.45,971.93,304.65,0.03,16.62,7339.56,28851.01667,65.23,0.06
AVANTIFEED,2018q3,79.44,915.51,122.4,915.51,13.62,296.29,971.93,1268.22,117.49,171.45,971.93,304.65,0.25,5.83,7942.56,31225.5,65.23,0.0625
AVANTIFEED,2018q4,32.56,553.65,48.56,553.65,13.62,296.29,971.93,1268.22,48.76,171.45,971.93,304.65,0.21,2.39,7090.57,29730,65.23,0.065
VADILALIND,2014q1,-7.39,63.66,-11.26,63.1,7.19,243.41,110.92,354.33,-4.96,222.48,110.92,149.95,6.31,-10.28,4203.66,17264.05,93.17,0.08
VADILALIND,2014q2,-2.77,72.88,-3.45,72.11,7.19,250.8,126.98,377.78,5.06,231.16,126.98,165.51,7.16,-3.86,4255.12,17612.95,93.17,0.08
VADILALIND,2014q3,13.46,168.15,20.38,167.62,7.19,250.8,126.98,377.78,27.21,231.16,126.98,165.51,6.82,18.72,4481.14,19321.13333,93.17,0.08
VADILALIND,2014q4,0.29,91.85,0.44,91.05,7.19,250.8,126.98,377.78,8.36,231.16,126.98,165.51,5.96,0.4,4719.47,19849.18333,93.17,0.08
VADILALIND,2015q1,-9.53,65.97,-14.29,65.5,7.19,250.8,126.98,377.78,-8.19,231.16,126.98,165.51,6.1,-13.26,4833.22,20715.9,48.66,0.0775
VADILALIND,2015q2,-2.29,77.97,-3.28,77.48,7.19,242.97,126.23,369.2,3.58,224.9,126.23,176.86,6.85,-3.18,4999.44,19924.58333,48.66,0.075
VADILALIND,2015q3,21.36,183.01,32.66,182.4,7.19,242.97,126.23,369.2,38.5,224.9,126.23,176.86,5.84,29.72,4841.65,20329.53333,48.66,0.0725
VADILALIND,2015q4,3.02,103.47,4.62,103.07,7.19,242.97,126.23,369.2,9.67,224.9,126.23,176.86,5.05,4.2,5056.61,20196.5,48.66,0.0675
VADILALIND,2016q1,-6.92,68.25,-10.58,67.9,7.19,242.97,126.23,369.2,-5.56,224.9,126.23,176.86,5.02,-9.62,4680.58,19076.13333,43.29,0.065
VADILALIND,2016q2,-3.11,89.74,-2.62,89.02,7.19,240.9,124.91,365.81,2.93,224.04,124.91,171.33,5.54,-4.32,4855.36,20622.6,43.29,0.0625
VADILALIND,2016q3,23.08,196.16,35.3,195.3,7.19,240.9,124.91,365.81,39.19,224.04,124.91,171.33,3.89,32.11,5229.12,22126.73333,43.29,0.065
VADILALIND,2016q4,4.31,104.32,6.59,103.79,7.19,240.9,124.91,365.81,10.12,224.04,124.91,171.33,3.53,6,5298.65,20907.98333,43.29,0.0625
VADILALIND,2017q1,-4.03,71.84,-6.16,71.39,7.19,240.9,124.91,365.81,-2.9,224.04,124.91,171.33,3.27,-5.61,5783.99,22571.05,50.8,0.06
VADILALIND,2017q2,-7.03,96.63,-9.26,96.63,7.19,264.96,145.89,410.85,-4.46,254.62,145.89,190.41,4.8,-9.79,6128.85,25423.08333,50.8,0.06
VADILALIND,2017q3,22.97,229.2,35.33,229.2,7.19,264.96,145.89,410.85,39.37,254.62,145.89,190.41,4.04,31.96,6424.25,25353.35,50.8,0.06
VADILALIND,2017q4,-1.65,103.53,-2.51,103.53,7.19,264.96,145.89,410.85,0.64,254.62,145.89,190.41,3.15,-2.3,6835.01,26119.75,50.8,0.06
VADILALIND,2018q1,-8.75,66.9,-13.39,66.9,7.19,264.96,145.89,410.85,-10.1,254.62,145.89,190.41,3.3,-12.18,7249.31,26589.46667,65.23,0.06
VADILALIND,2018q2,2.28,115.69,2.81,115.69,7.19,278.52,156.62,435.14,7.55,261.11,156.62,161.42,4.73,3.17,7339.56,28851.01667,65.23,0.06
VADILALIND,2018q3,28.86,213.13,44.95,213.13,7.19,278.52,156.62,435.14,48.42,261.11,156.62,161.42,3.48,40.15,7942.56,31225.5,65.23,0.0625
VADILALIND,2018q4,7.93,117.7,11.37,117.7,7.19,278.52,156.62,435.14,14.32,261.11,156.62,161.42,2.95,11.03,7090.57,29730,65.23,0.065
DAAWAT,2014q1,8.66,463.68,13.87,460.11,26.31,254.46,1020.4,1274.86,31.11,180.59,1020.4,964.86,17.24,3.3,4203.66,17264.05,93.17,0.08
DAAWAT,2014q2,12.37,512.89,20.11,508.22,26.31,257.88,1000.19,1258.07,42.1,181.01,1000.19,916.86,21.99,4.7,4255.12,17612.95,93.17,0.08
DAAWAT,2014q3,10.28,514.92,13.12,504.41,26.4,257.88,1000.19,1258.07,35.84,181.01,1000.19,916.86,22.72,3.9,4481.14,19321.13333,93.17,0.08
DAAWAT,2014q4,2.89,422.42,6.46,414.9,26.4,257.88,1000.19,1258.07,27.5,181.01,1000.19,916.86,21.04,1.12,4719.47,19849.18333,93.17,0.08
DAAWAT,2015q1,2.57,463.26,5.13,460.38,26.4,257.88,1000.19,1258.07,25.44,181.01,1000.19,916.86,20.3,0.97,4833.22,20715.9,48.66,0.0775
DAAWAT,2015q2,22.4,715.21,29.84,706.39,26.45,274.48,1147.87,1422.35,73.96,191.45,1147.87,1070.6,44.12,8.19,4999.44,19924.58333,48.66,0.075
DAAWAT,2015q3,28.37,755.19,41.52,753.62,26.45,274.48,1147.87,1422.35,83.72,191.45,1147.87,1070.6,42.2,10.14,4841.65,20329.53333,48.66,0.0725
DAAWAT,2015q4,25.94,690.9,41.6,688.68,26.45,274.48,1147.87,1422.35,76.8,191.45,1147.87,1070.6,35.2,8.64,5056.61,20196.5,48.66,0.0675
DAAWAT,2016q1,18.52,726.79,30.1,725.99,26.45,274.48,1147.87,1422.35,62.9,191.45,1147.87,1070.6,32.79,6.37,4680.58,19076.13333,43.29,0.065
DAAWAT,2016q2,-0.36,806.1,6.27,805.13,26.66,263.67,1068.9,1332.57,87.87,176.2,1068.9,982.97,37.61,2.6,4855.36,20622.6,43.29,0.0625
DAAWAT,2016q3,6.19,420.44,8.58,418.33,26.66,263.67,1068.9,1332.57,32.68,176.2,1068.9,982.97,24.09,2.32,5229.12,22126.73333,43.29,0.065
DAAWAT,2016q4,8.48,523.49,14.17,512.98,26.66,263.67,1068.9,1332.57,39.11,176.2,1068.9,982.97,24.94,3.18,5298.65,20907.98333,43.29,0.0625
DAAWAT,2017q1,7.86,540.39,11.78,538.67,26.66,263.67,1068.9,1332.57,39.24,176.2,1068.9,982.97,27.46,0.29,5783.99,22571.05,50.8,0.06
DAAWAT,2017q2,7.62,606.39,14.84,606.39,26.66,256.65,1114.08,1370.73,38.76,166.59,1114.08,992.63,23.92,0.29,6128.85,25423.08333,50.8,0.06
DAAWAT,2017q3,8.69,450.41,13.21,450.41,26.67,256.65,1114.08,1370.73,35.43,166.59,1114.08,992.63,22.23,0.33,6424.25,25353.35,50.8,0.06
DAAWAT,2017q4,10.49,529.79,15.91,529.79,26.67,256.65,1114.08,1370.73,35.79,166.59,1114.08,992.63,19.87,0.39,6835.01,26119.75,50.8,0.06
DAAWAT,2018q1,13.91,552.4,20.21,552.4,31.98,256.65,1114.08,1370.73,39.12,166.59,1114.08,992.63,18.91,0.52,7249.31,26589.46667,65.23,0.06
DAAWAT,2018q2,8.16,613.37,4.24,613.37,31.98,318.43,1289.92,1608.35,27.04,194.12,1289.92,789.22,22.8,0.22,7339.56,28851.01667,65.23,0.06
DAAWAT,2018q3,16.17,481.84,24.34,481.84,31.98,318.43,1289.92,1608.35,40.74,194.12,1289.92,789.22,16.41,0.51,7942.56,31225.5,65.23,0.0625
DAAWAT,2018q4,13.13,524.74,19.06,524.74,31.98,318.43,1289.92,1608.35,32.71,194.12,1289.92,789.22,13.66,0.41,7090.57,29730,65.23,0.065
COLPAL,2014q1,112.83,891.11,154.61,883.98,13.6,513.74,793.04,1306.78,154.72,382.62,793.04,781.44,0,8.3,4203.66,17264.05,93.17,0.08
COLPAL,2014q2,132.3,927.28,184.36,920.59,13.6,816.95,671.8,1488.75,190.51,697.41,671.8,863.27,0,9.73,4255.12,17612.95,93.17,0.08
COLPAL,2014q3,134.91,956.9,183.56,950.64,13.6,816.95,671.8,1488.75,183.56,697.41,671.8,863.27,0,9.92,4481.14,19321.13333,93.17,0.08
COLPAL,2014q4,129.58,1000.52,178.7,993.57,13.6,816.95,671.8,1488.75,178.7,697.41,671.8,863.27,0,9.53,4719.47,19849.18333,93.17,0.08
COLPAL,2015q1,130.86,996.01,183.98,988.56,13.6,816.95,671.8,1488.75,183.98,697.41,671.8,863.27,0,9.62,4833.22,20715.9,48.66,0.0775
COLPAL,2015q2,163.63,1028.51,234.15,1022,13.6,1012.18,689.72,1701.9,234.15,922.76,689.72,866.59,0,12.03,4999.44,19924.58333,48.66,0.075
COLPAL,2015q3,115.94,930.94,155.29,923.7,13.6,1012.18,689.72,1701.9,186.63,922.76,689.72,866.59,0,4.26,4841.65,20329.53333,48.66,0.0725
COLPAL,2015q4,156.85,964.82,238.04,958.13,27.2,1012.18,689.72,1701.9,238.04,922.76,689.72,866.59,0,5.77,5056.61,20196.5,48.66,0.0675
COLPAL,2016q1,165.11,956.84,218.98,948.35,27.2,1012.18,689.72,1701.9,218.98,922.76,689.72,866.59,0,6.07,4680.58,19076.13333,43.29,0.065
COLPAL,2016q2,143.27,1015.59,222.97,1007.88,27.2,1169.35,774.32,1943.67,222.97,1086.51,774.32,836.54,0,5.27,4855.36,20622.6,43.29,0.0625
COLPAL,2016q3,125.72,1013.14,189.71,1005.59,27.2,1169.35,774.32,1943.67,189.71,1086.51,774.32,836.54,0,4.62,5229.12,22126.73333,43.29,0.065
COLPAL,2016q4,181.31,1056.58,252.74,1048.32,27.2,1169.35,774.32,1943.67,252.74,1086.51,774.32,836.54,0,6.67,5298.65,20907.98333,43.29,0.0625
COLPAL,2017q1,127.82,874.58,190.79,864.98,27.2,1169.35,774.32,1943.67,190.79,1086.51,774.32,836.54,0,4.7,5783.99,22571.05,50.8,0.06
COLPAL,2017q2,142.58,1037.52,218.19,1032.58,27.2,1455.03,855.62,2310.65,218.19,1274.7,855.62,982.55,0,5.24,6128.85,25423.08333,50.8,0.06
COLPAL,2017q3,136.38,978.11,196.98,969.43,27.2,1455.03,855.62,2310.65,196.98,1274.7,855.62,982.55,0,5.01,6424.25,25353.35,50.8,0.06
COLPAL,2017q4,177.57,1084.88,270.29,1077.98,27.2,1455.03,855.62,2310.65,270.29,1274.7,855.62,982.55,0,6.53,6835.01,26119.75,50.8,0.06
COLPAL,2018q1,170.65,1033.32,251.89,1026.97,27.2,1455.03,855.62,2310.65,251.89,1274.7,855.62,982.55,0,6.27,7249.31,26589.46667,65.23,0.06
COLPAL,2018q2,188.77,1091.66,263.87,1085.06,27.2,1503.14,1060.72,2563.86,275.52,1304.49,1060.72,982.79,0,6.94,7339.56,28851.01667,65.23,0.06
COLPAL,2018q3,189.51,1041.3,285.48,1033.55,27.2,1503.14,1060.72,2563.86,251.36,1304.49,1060.72,982.79,0,6.97,7942.56,31225.5,65.23,0.0625
COLPAL,2018q4,196.37,1168.03,298.38,1160.63,27.2,1503.14,1060.72,2563.86,298.38,1304.49,1060.72,982.79,0,7.22,7090.57,29730,65.23,0.065
PIDILITIND,2014q1,98.11,964.92,131.04,958.68,51.26,1228.96,1309.47,2538.43,143.59,942.42,1309.47,743.34,3.16,1.91,4203.66,17264.05,93.17,0.08
PIDILITIND,2014q2,88.63,907.31,111.66,902.31,51.26,1452.08,1437.13,2889.21,116.72,1042.39,1437.13,779.2,1.24,1.73,4255.12,17612.95,93.17,0.08
PIDILITIND,2014q3,164.28,1212.89,221.52,1207.24,51.26,1452.08,1437.13,2889.21,227.68,1042.39,1437.13,779.2,1.25,3.2,4481.14,19321.13333,93.17,0.08
PIDILITIND,2014q4,136.64,1135.47,185.72,1129.39,51.26,1452.08,1437.13,2889.21,187.2,1042.39,1437.13,779.2,1.44,2.67,4719.47,19849.18333,93.17,0.08
PIDILITIND,2015q1,123.72,1081.58,160.67,1075.73,51.27,1452.08,1437.13,2889.21,164.51,1042.39,1437.13,779.2,3.49,2.41,4833.22,20715.9,48.66,0.0775
PIDILITIND,2015q2,77.22,968.13,100.3,962.44,51.27,1817.78,1449.28,3267.06,118.72,1288.14,1449.28,844.44,3.32,1.51,4999.44,19924.58333,48.66,0.075
PIDILITIND,2015q3,226.43,1305.67,317.07,1298.36,51.27,1817.78,1449.28,3267.06,317.83,1288.14,1449.28,844.44,1.42,4.42,4841.65,20329.53333,48.66,0.0725
PIDILITIND,2015q4,193.15,1163.66,278.04,1157.04,51.27,1817.78,1449.28,3267.06,280.11,1288.14,1449.28,844.44,1.54,3.77,5056.61,20196.5,48.66,0.0675
PIDILITIND,2016q1,198.08,1175.74,277.72,1168.98,51.27,1817.78,1449.28,3267.06,279.76,1288.14,1449.28,844.44,1.36,3.86,4680.58,19076.13333,43.29,0.065
PIDILITIND,2016q2,129.05,1085.96,196.66,1085.96,51.27,1704.03,1762.98,3467.01,225.18,1068.24,1762.98,716.95,1.52,2.52,4855.36,20622.6,43.29,0.0625
PIDILITIND,2016q3,272.38,1370.16,385.96,1362.67,51.27,1704.03,1762.98,3467.01,387.89,1068.24,1762.98,716.95,1.38,5.31,5229.12,22126.73333,43.29,0.065
PIDILITIND,2016q4,226.16,1220.01,314.72,1212.54,51.27,1704.03,1762.98,3467.01,317.25,1068.24,1762.98,716.95,1.51,4.41,5298.65,20907.98333,43.29,0.0625
PIDILITIND,2017q1,204.25,1142.73,280.06,1136.44,51.27,1704.03,1762.98,3467.01,282.01,1068.24,1762.98,716.95,1.36,3.98,5783.99,22571.05,50.8,0.06
PIDILITIND,2017q2,71.01,1132.47,163.99,1132.47,51.27,1629.86,2665.72,4295.58,259.76,1066.14,2665.72,785.95,1.43,1.39,6128.85,25423.08333,50.8,0.06
PIDILITIND,2017q3,217.08,1349.76,317.37,1349.76,51.27,1629.86,2665.72,4295.58,318.83,1066.14,2665.72,785.95,1.46,4.23,6424.25,25353.35,50.8,0.06
PIDILITIND,2017q4,260.95,1363.83,383.24,1363.83,51.28,1629.86,2665.72,4295.58,384.75,1066.14,2665.72,785.95,1.51,5.09,6835.01,26119.75,50.8,0.06
PIDILITIND,2018q1,239,1375.77,352.88,1375.77,51.28,1629.86,2665.72,4295.58,354.34,1066.14,2665.72,785.95,1.46,4.66,7249.31,26589.46667,65.23,0.06
PIDILITIND,2018q2,238.16,1273.63,277.79,1273.63,50.78,1964.41,2663.54,4627.95,279.42,1104.2,2663.54,888.54,1.63,4.69,7339.56,28851.01667,65.23,0.06
PIDILITIND,2018q3,266.93,1608.31,397.15,1608.31,50.78,1964.41,2663.54,4627.95,399.16,1104.2,2663.54,888.54,2.01,5.26,7942.56,31225.5,65.23,0.0625
PIDILITIND,2018q4,244.62,1517.97,364.75,1517.97,50.79,1964.41,2663.54,4627.95,366.41,1104.2,2663.54,888.54,1.66,4.82,7090.57,29730,65.23,0.065
MCDOWELL,2014q1,64.92,2308.6,96.22,2278.4,145.33,9062.54,3989.11,13051.65,246.69,1191.66,3989.11,5561.36,150.47,4.47,4203.66,17264.05,93.17,0.08
MCDOWELL,2014q2,-5380.1,1943.34,-5442.91,1916.95,145.33,5799.74,5030.64,10830.38,-954.64,1237.88,5030.64,5536.22,166.64,-370.2,4255.12,17612.95,93.17,0.08
MCDOWELL,2014q3,-55.56,1923.9,-46.97,1908.98,145.33,5799.74,5030.64,10830.38,150.89,1237.88,5030.64,5536.22,155.07,-3.82,4481.14,19321.13333,93.17,0.08
MCDOWELL,2014q4,-27.83,2178.58,10.72,2156.54,145.33,5799.74,5030.64,10830.38,239.91,1237.88,5030.64,5536.22,155.28,-1.91,4719.47,19849.18333,93.17,0.08
MCDOWELL,2015q1,78.81,2318.23,87.33,2287.89,145.33,5799.74,5030.64,10830.38,235.8,1237.88,5030.64,5536.22,148.47,5.42,4833.22,20715.9,48.66,0.0775
MCDOWELL,2015q2,-1799.28,2051.25,-1826.6,2020.37,145.33,4357.8,4660.14,9017.94,62.52,1133.96,4660.14,5456.33,134.15,-123.81,4999.44,19924.58333,48.66,0.075
MCDOWELL,2015q3,11.61,1866.15,50.2,1848.72,145.33,4357.8,4660.14,9017.94,178.58,1133.96,4660.14,5456.33,128.38,3.15,4841.65,20329.53333,48.66,0.0725
MCDOWELL,2015q4,71.24,5369.91,131.38,5346.61,145.33,4357.8,4660.14,9017.94,295.54,1133.96,4660.14,5456.33,110,4.9,5056.61,20196.5,48.66,0.0675
MCDOWELL,2016q1,37.23,2422.98,87.79,2410.49,145.33,4357.8,4660.14,9017.94,237.57,1133.96,4660.14,5456.33,107.66,2.56,4680.58,19076.13333,43.29,0.065
MCDOWELL,2016q2,1.4,2043.4,45.5,2037,145.3,3092.8,5093.1,8185.9,178.1,1321.1,5093.1,5696.1,100.9,0.1,4855.36,20622.6,43.29,0.0625
MCDOWELL,2016q3,43.8,2040.54,69.07,2027.33,145.33,3092.8,5093.1,8185.9,193.75,1321.1,5093.1,5696.1,102.96,2.9,5229.12,22126.73333,43.29,0.065
MCDOWELL,2016q4,82.54,2048.3,118.29,2037.7,145.33,3092.8,5093.1,8185.9,202.81,1321.1,5093.1,5696.1,88.5,5.68,5298.65,20907.98333,43.29,0.0625
MCDOWELL,2017q1,147.7,2494.31,205.67,2484.49,145.33,3092.8,5093.1,8185.9,297.9,1321.1,5093.1,5696.1,92.23,10.16,5783.99,22571.05,50.8,0.06
MCDOWELL,2017q2,-104.2,2025,-138.5,2014,145.3,3112.2,5684.3,8796.5,237.6,1272.3,5684.3,5959.6,85.3,-7.17,6128.85,25423.08333,50.8,0.06
MCDOWELL,2017q3,62.9,1781.8,85.1,1781.8,145.3,3112.2,5684.3,8796.5,156.2,1272.3,5684.3,5959.6,70.3,4.33,6424.25,25353.35,50.8,0.06
MCDOWELL,2017q4,153.1,1951.3,235.3,1951.3,145.3,3112.2,5684.3,8796.5,315.6,1272.3,5684.3,5959.6,65.9,10.53,6835.01,26119.75,50.8,0.06
MCDOWELL,2018q1,134.7,2263.3,183.8,2263.3,145.33,3112.2,5684.3,8796.5,262.2,1272.3,5684.3,5959.6,65.8,9.27,7249.31,26589.46667,65.23,0.06
MCDOWELL,2018q2,211,2173.7,336.1,2173.7,145.33,3069.7,5601.8,8671.5,358.4,1100.1,5601.8,5363.8,59.1,14.52,7339.56,28851.01667,65.23,0.06
MCDOWELL,2018q3,81.3,2011.9,123.9,2011.9,145.33,3069.7,5601.8,8671.5,179.8,1100.1,5601.8,5363.8,55.9,1.12,7942.56,31225.5,65.23,0.0625
MCDOWELL,2018q4,258.7,2228.1,380.8,2228.1,145.33,3069.7,5601.8,8671.5,422.3,1100.1,5601.8,5363.8,41.5,3.56,7090.57,29730,65.23,0.065
